Customer_ID,Recency,Frequency,Monetary_Value,Average_Order_Value,Churn_Probability_%,Risk_Level,Recommended_Action,Actual_Churn,Predicted_Churn
C270,159,1,237412.0,237412.0,57.30643758962457,Medium Risk,Targeted engagement,1,1
C452,35,1,84737.0,84737.0,54.2384451001828,Medium Risk,Targeted engagement,0,1
C158,7,1,46026.0,46026.0,53.20464126679308,Medium Risk,Targeted engagement,1,1
C467,36,1,65208.0,65208.0,52.61857098420711,Medium Risk,Targeted engagement,1,1
C210,9,1,3912.0,3912.0,49.71040583258626,Medium Risk,Targeted engagement,1,0
C347,125,1,102852.0,102852.0,49.1265394199552,Medium Risk,Targeted engagement,0,0
C036,97,1,69324.0,69324.0,48.49992676464628,Medium Risk,Targeted engagement,1,0
C377,40,1,11562.0,11562.0,48.05935116049093,Medium Risk,Targeted engagement,0,0
C044,37,1,8754.0,8754.0,48.05462076213346,Medium Risk,Targeted engagement,0,0
C054,65,1,32745.0,32745.0,47.92255314577998,Medium Risk,Targeted engagement,1,0
C289,34,1,3766.0,3766.0,47.87662525952277,Medium Risk,Targeted engagement,0,0
C107,67,1,18108.0,18108.0,46.6153908174557,Medium Risk,Targeted engagement,1,0
C005,65,1,13363.0,13363.0,46.38464494438354,Medium Risk,Targeted engagement,0,0
C362,156,1,94674.0,94674.0,46.22154853229858,Medium Risk,Targeted engagement,1,0
C242,66,1,6750.0,6750.0,45.78891496791693,Medium Risk,Targeted engagement,0,0
C068,130,1,61218.0,61218.0,45.45975567233172,Medium Risk,Targeted engagement,0,0
C020,102,1,18759.0,18759.0,44.13633441491812,Medium Risk,Targeted engagement,1,0
C127,101,1,17542.0,17542.0,44.112715084385975,Medium Risk,Targeted engagement,0,0
C211,155,1,62868.0,62868.0,43.78741235825756,Medium Risk,Targeted engagement,1,0
C176,97,1,1865.0,1865.0,43.17188510214781,Medium Risk,Targeted engagement,0,0
C474,41,2,372996.0,186498.0,42.83637307127584,Medium Risk,Targeted engagement,0,0
C239,160,1,48162.0,48162.0,42.28188067463387,Medium Risk,Targeted engagement,1,0
C304,10,2,156121.0,78060.5,42.21113573998084,Medium Risk,Targeted engagement,0,0
C226,127,1,9930.0,9930.0,41.66152612226296,Medium Risk,Targeted engagement,1,0
C156,126,1,2075.0,2075.0,41.12548743055585,Medium Risk,Targeted engagement,1,0
C468,7,2,4854.0,2427.0,40.46120394418896,Medium Risk,Targeted engagement,0,0
C404,34,2,66873.0,33436.5,39.36780167533541,Low Risk,Maintain engagement,1,0
C263,157,1,5729.0,5729.0,39.23162311540152,Low Risk,Maintain engagement,1,0
C251,161,1,7988.0,7988.0,39.12495879215643,Low Risk,Maintain engagement,1,0
C106,160,1,4925.0,4925.0,38.96225264628056,Low Risk,Maintain engagement,1,0
C338,41,2,65008.0,32504.0,38.85769263662881,Low Risk,Maintain engagement,0,0
C397,40,2,55466.0,27733.0,38.80573840334884,Low Risk,Maintain engagement,0,0
C273,36,2,9416.0,4708.0,38.49828882958799,Low Risk,Maintain engagement,0,0
C137,38,2,7674.0,3837.0,38.338192977898935,Low Risk,Maintain engagement,0,0
C230,67,2,42335.0,21167.5,36.78893176120092,Low Risk,Maintain engagement,1,0
C095,97,2,148494.0,74247.0,36.07722222098591,Low Risk,Maintain engagement,0,0
C010,128,2,26508.0,13254.0,32.56960289660627,Low Risk,Maintain engagement,0,0
C406,6,3,103606.0,34535.333333333336,31.158660716315215,Low Risk,Maintain engagement,1,0
C323,155,2,18056.0,9028.0,30.76752264903771,Low Risk,Maintain engagement,0,0
C402,6,3,158434.0,52811.333333333336,30.750659215105973,Low Risk,Maintain engagement,0,0
C352,35,3,33848.0,11282.666666666666,29.87974028897175,Low Risk,Maintain engagement,1,0
C413,7,3,295700.0,98566.66666666669,29.68145869318614,Low Risk,Maintain engagement,0,0
C446,71,3,375753.0,125251.0,25.4054218093876,Low Risk,Maintain engagement,0,0
C479,3,4,59673.0,14918.25,23.763521611589315,Low Risk,Maintain engagement,0,0
C241,64,4,260616.0,65154.0,18.207497177593105,Low Risk,Maintain engagement,0,0
C070,66,5,448162.0,89632.4,10.473202917038453,Low Risk,Maintain engagement,0,0
C262,7,7,363618.0,51945.42857142857,6.08896791029773,Low Risk,Maintain engagement,0,0
